user_name,object_storage_url,is_favorite,trashed_datetime
Michael,https://s3.amazonaws.com/my-media-bucket/photos/vacation_2024/beach_sunset.jpg,true,2024-06-07T10:30:00+03:00
Anna,https://company-marketing.s3.us-east-1.amazonaws.com/videos/product_launch_promo.mp4,false,
Anna,https://user-generated-content.s3.eu-central-1.amazonaws.com/memes/funny_cat.png,true,
Anna,https://s3.us-west-2.amazonaws.com/project-assets-prod/backgrounds/abstract_design.webp,true,
Michael,https://public-web-media.s3.amazonaws.com/galleries/events/opening_night_001.jpeg,false,
Jake,https://dev-stream-storage.s3.ap-southeast-1.amazonaws.com/clips/gaming_highlight_reel.mov,true,2024-12-08T10:31:00+03:00
Jake,https://s3.ap-northeast-1.amazonaws.com/customer-dashboards/profile_avatars/user_123456.gif,false,
Jake,https://internal-security-footage.s3.ca-central-1.amazonaws.com/cameras/entrance_feed_2024-06-07.avi,false,
Jake,https://s3.amazonaws.com/e-commerce-product-images/sku-9876/main_view.tiff,true,
Jake,https://raw-video-uploads.s3.us-east-2.amazonaws.com/drone_footage/city_tour_4k.mkv,false,
Jake,https://s3.eu-west-1.amazonaws.com/blog-content/post_images/summer_tips_graphic.svg,true,
Jake,https://s3.ap-south-1.amazonaws.com/mobile-app-resources/animations/loading_spinner.webm,true,
Michael,https://s3.sa-east-1.amazonaws.com/archive-photos/historical/old_city_square.bmp,false,
Alex,https://private-assets-s3.amazonaws.com/design-mockups/website_redesign_hero.psd,true,
Alex,https://s3.ap-southeast-2.amazonaws.com/streaming-platform-data/trailers/upcoming_movie_trailer.flv,false,